<?xml version="1.0" encoding="ISO-8859-1"?>
<!--
  Licensed to the Apache Software Foundation (ASF) under one or more
  contributor license agreements.  See the NOTICE file distributed with
  this work for additional information regarding copyright ownership.
  The ASF licenses this file to You under the Apache License, Version 2.0
  (the "License"); you may not use this file except in compliance with
  the License.  You may obtain a copy of the License at

      http://www.apache.org/licenses/LICENSE-2.0

  Unless required by applicable law or agreed to in writing, software
  distributed under the License is distributed on an "AS IS" BASIS,
  WITHOUT WARRANTIES OR CONDITIONS OF ANY KIND, either express or implied.
  See the License for the specific language governing permissions and
  limitations under the License.
-->
<project name="Apache Tomcat 7 Architecture"
        href="http://tomcat.apache.org/">

    <title>Apache Tomcat 7 Architecture</title>

    <logo href="/images/tomcat.gif">
      The Apache Tomcat Servlet/JSP Container
    </logo>


    <body>

    <menu name="Links">
        <item name="Docs Home"             href="../index.html" />
        <item name="Architecture Home"     href="index.html"/>
        <item name="FAQ"                   href="http://wiki.apache.org/tomcat/FAQ" />
        <item name="User Comments"         href="#comments_section"/>
    </menu>

    <menu name="Contents">
        <item name="Contents"              href="index.html" />
        <item name="Overview"              href="overview.html" />
        <item name="Server Startup"        href="startup.html" />
        <item name="Request Process"       href="requestProcess.html" />
    </menu>

    </body>
</project>
