<?xml version="1.0" encoding="ISO-8859-1"?>
<!--
  Licensed to the Apache Software Foundation (ASF) under one or more
  contributor license agreements.  See the NOTICE file distributed with
  this work for additional information regarding copyright ownership.
  The ASF licenses this file to You under the Apache License, Version 2.0
  (the "License"); you may not use this file except in compliance with
  the License.  You may obtain a copy of the License at

      http://www.apache.org/licenses/LICENSE-2.0

  Unless required by applicable law or agreed to in writing, software
  distributed under the License is distributed on an "AS IS" BASIS,
  WITHOUT WARRANTIES OR CONDITIONS OF ANY KIND, either express or implied.
  See the License for the specific language governing permissions and
  limitations under the License.
-->
<project name="Apache Tribes Documentation - Top Level Directory"
        href="http://tomcat.apache.org/">

    <title>Apache Tribes - The Tomcat Cluster Communication Module</title>

    <logo href="/images/tomcat.gif">Apache Tomcat</logo>


    <body>

    <menu name="Links">
        <item name="Docs Home"             href="../index.html"/>
        <item name="Tribes Docs Home"      href="introduction.html"/>
        <item name="FAQ"                   href="http://wiki.apache.org/tomcat/FAQ" />
        <item name="User Comments"         href="#comments_section"/>
    </menu>

    <menu name="User Guide">
        <item name="1) Introduction"       href="introduction.html"/>
        <item name="2) Setup"              href="setup.html"/>
        <item name="3) FAQ"                href="faq.html"/>
    </menu>

    <menu name="Reference">
        <!--
        <item name="Release Notes"         href="RELEASE-NOTES.txt"/>
        -->
        <item name="JavaDoc"               href="../api/org/apache/catalina/tribes/package-summary.html"/>
    </menu>

    <menu name="Apache Tribes Development">
        <item name="Membership"            href="membership.html"/>
        <item name="Transport"             href="transport.html"/>
        <item name="Interceptors"          href="interceptors.html"/>
        <item name="Status"                href="status.html"/>
        <item name="Developers"            href="developers.html"/>
    </menu>

    </body>

</project>
